{
  "analytisk": {
    "lambda": 8.0,
    "mu": 12.0,
    "rho": 0.66667,
    "L": 2.0,
    "Lq": 1.33333,
    "W": 0.25,
    "Wq": 0.16667,
    "P0": 0.33333
  },
  "simulert": {
    "Wq_emp": 0.17106,
    "W_emp": 0.25644,
    "L_emp": 2.00873,
    "Lq_emp": 1.33992,
    "Wq_emp_min": 10.263,
    "W_emp_min": 15.386,
    "sluttid_timer": 127.66,
    "n_kunder": 1000
  },
  "avvik": {
    "L_pct": 0.44,
    "Lq_pct": 0.49,
    "W_pct": 2.58,
    "Wq_pct": 2.63
  }
}