{
  "baseline_C": [
    0.648588,
    0.356823,
    0.699546,
    0.50802,
    0.71237,
    0.300454
  ],
  "baseline_rank": [
    3,
    5,
    2,
    4,
    1,
    6
  ],
  "deltas": [
    -0.2,
    0.2
  ],
  "perturbations": {
    "delta_-0.20": {
      "C": [
        [
          0.659023,
          0.645489,
          0.636852,
          0.653335,
          0.646995
        ],
        [
          0.33077,
          0.375437,
          0.367677,
          0.352737,
          0.358677
        ],
        [
          0.736394,
          0.677525,
          0.680823,
          0.705419,
          0.698103
        ],
        [
          0.50171,
          0.506101,
          0.514425,
          0.508938,
          0.509202
        ],
        [
          0.740998,
          0.698583,
          0.695742,
          0.713273,
          0.712741
        ],
        [
          0.263606,
          0.322475,
          0.319177,
          0.294581,
          0.301897
        ]
      ],
      "rank": [
        [
          3,
          3,
          3,
          3,
          3
        ],
        [
          5,
          5,
          5,
          5,
          5
        ],
        [
          2,
          2,
          2,
          2,
          2
        ],
        [
          4,
          4,
          4,
          4,
          4
        ],
        [
          1,
          1,
          1,
          1,
          1
        ],
        [
          6,
          6,
          6,
          6,
          6
        ]
      ]
    },
    "delta_+0.20": {
      "C": [
        [
          0.637387,
          0.65133,
          0.659464,
          0.643015,
          0.650488
        ],
        [
          0.382853,
          0.339794,
          0.346447,
          0.361647,
          0.35461
        ],
        [
          0.665202,
          0.720594,
          0.718046,
          0.692707,
          0.701278
        ],
        [
          0.514928,
          0.509688,
          0.502207,
          0.50692,
          0.506614
        ],
        [
          0.684567,
          0.725138,
          0.728253,
          0.711286,
          0.711926
        ],
        [
          0.334798,
          0.279406,
          0.281954,
          0.307293,
          0.298722
        ]
      ],
      "rank": [
        [
          3,
          3,
          3,
          3,
          3
        ],
        [
          5,
          5,
          5,
          5,
          5
        ],
        [
          2,
          2,
          2,
          2,
          2
        ],
        [
          4,
          4,
          4,
          4,
          4
        ],
        [
          1,
          1,
          1,
          1,
          1
        ],
        [
          6,
          6,
          6,
          6,
          6
        ]
      ]
    }
  }
}