{
  "criteria": [
    "Pris",
    "Kvalitet",
    "Leveringstid",
    "Fleksibilitet",
    "Bærekraft"
  ],
  "weights_eigenvector": [
    0.256173,
    0.412013,
    0.15243,
    0.102278,
    0.077107
  ],
  "weights_geometric": [
    0.257148,
    0.412847,
    0.152798,
    0.100809,
    0.076399
  ],
  "lambda_max": 5.094954,
  "consistency": {
    "n": 5,
    "lambda_max": 5.094954,
    "CI": 0.023739,
    "RI": 1.12,
    "CR": 0.021195,
    "acceptable": true
  }
}