{
  "suppliers": [
    "Alfa",
    "Beta",
    "Gamma",
    "Delta",
    "Epsilon",
    "Zeta"
  ],
  "criteria": [
    "Pris",
    "Kvalitet",
    "Leveringstid",
    "Fleksibilitet",
    "Bærekraft"
  ],
  "weights": [
    0.256173,
    0.412013,
    0.15243,
    0.102278,
    0.077107
  ],
  "R": [
    [
      0.415521,
      0.423553,
      0.327267,
      0.366522,
      0.463616
    ],
    [
      0.370599,
      0.36157,
      0.490901,
      0.445063,
      0.327259
    ],
    [
      0.471672,
      0.470041,
      0.233762,
      0.340342,
      0.501797
    ],
    [
      0.39306,
      0.402892,
      0.420772,
      0.392702,
      0.381802
    ],
    [
      0.437981,
      0.444215,
      0.280515,
      0.418883,
      0.436345
    ],
    [
      0.348139,
      0.330578,
      0.584406,
      0.471243,
      0.299987
    ]
  ],
  "V": [
    [
      0.106445,
      0.174509,
      0.049885,
      0.037487,
      0.035748
    ],
    [
      0.094938,
      0.148971,
      0.074828,
      0.04552,
      0.025234
    ],
    [
      0.12083,
      0.193663,
      0.035632,
      0.034809,
      0.038692
    ],
    [
      0.100692,
      0.165997,
      0.064138,
      0.040165,
      0.029439
    ],
    [
      0.112199,
      0.183022,
      0.042759,
      0.042842,
      0.033645
    ],
    [
      0.089184,
      0.136202,
      0.089081,
      0.048198,
      0.023131
    ]
  ],
  "A_plus": [
    0.089184,
    0.193663,
    0.035632,
    0.048198,
    0.038692
  ],
  "A_minus": [
    0.12083,
    0.136202,
    0.089081,
    0.034809,
    0.023131
  ],
  "d_plus": [
    0.031486,
    0.061278,
    0.034361,
    0.043134,
    0.027347,
    0.080004
  ],
  "d_minus": [
    0.058112,
    0.033996,
    0.080004,
    0.044541,
    0.06773,
    0.034361
  ],
  "C": [
    0.648588,
    0.356823,
    0.699546,
    0.50802,
    0.71237,
    0.300454
  ]
}