region_id,region,mu_d,sigma_d,L_reg,h_install,h_ech
1,Oslo,85.0,22.0,2.0,3.5999999999999996,1.7999999999999998
2,Bergen,62.0,18.0,3.0,3.84,2.04
3,Trondheim,45.0,14.0,4.0,4.08,2.2800000000000002
4,Tromsø,30.0,11.0,5.0,4.319999999999999,2.5199999999999996
