variabel,verdi,bw_dec,bw_shr
L,1.0,247.65006875085948,44.3697098238468
L,2.0,528.9903964207531,59.63294837025696
L,3.0,1023.2460314879409,52.30717121368237
L,4.0,1573.47638684894,42.82146785815468
R,1.0,528.9903964207531,59.63294837025696
R,2.0,1650.804647808564,155.86990888442222
z,0.84,331.5380582648512,55.724693190139774
z,1.28,467.5324824072683,58.399895045827826
z,1.65,528.9903964207531,59.63294837025696
z,2.05,696.2648084515226,62.71826856059214
