{
  "acf_pacf": {
    "acf": [
      1.0,
      -0.38343385338154556,
      -0.05582003924754819,
      0.15247984163522024,
      -0.1251075388579686,
      0.1527486660824351,
      -0.09845468373087637,
      -0.13145514628132537,
      0.10659066904562768,
      -0.09533728108518355,
      0.03526496308942479,
      0.20247962334391814,
      -0.3860204801769392,
      0.1651002377978019,
      -0.014020809810273867,
      -0.0441930453232686,
      0.12735100996285872,
      -0.28568760407473576,
      0.08192319931720649,
      0.16013231073637088,
      -0.18364408267959528,
      0.1457066039422811,
      -0.04878210481592141,
      -0.020579819619738173,
      0.02834868851928691
    ],
    "pacf": [
      1.0,
      -0.3834338533815455,
      -0.2378038413669141,
      0.043249540051355874,
      -0.06206326503987847,
      0.13396124704416854,
      -0.01766621905474504,
      -0.17009978709951734,
      -0.0839567194823059,
      -0.11232051170555014,
      -0.026866819309607125,
      0.26047940272855014,
      -0.21367313106229296,
      -0.10583709527854379,
      -0.15741533007782574,
      -0.03961102657719562,
      0.07090203563311216,
      -0.1505073010685246,
      -0.1512903410035752,
      -0.0022080101902809584,
      -0.10470297410951326,
      0.035713683893284436,
      0.0072917872274014355,
      0.0823387274411743,
      -0.23597810177110518
    ],
    "n_obs": 131,
    "confidence_interval": 0.1712,
    "nlags": 24
  },
  "tolkning": {
    "signifikante_acf_lag": [
      1,
      11,
      12,
      17,
      20
    ],
    "signifikante_pacf_lag": [
      1,
      2,
      11,
      12,
      24
    ],
    "acf_lag1": -0.3834,
    "acf_lag12": -0.386,
    "pacf_lag1": -0.3834,
    "pacf_lag12": -0.2137,
    "konfidensintervall": "±0.1712",
    "anbefalt_modell": {
      "p": 1,
      "q": 1,
      "P": 0,
      "Q": 1,
      "begrunnelse": [
        "p=1: PACF viser signifikant verdi ved lag 1, deretter avtar",
        "q=1: ACF viser gradvis avtak, tyder på MA(1)-komponent",
        "P=0: PACF er ikke signifikant ved sesonglag 12",
        "Q=1: ACF viser signifikant negativ verdi ved lag 12 (sesong-MA)"
      ]
    }
  }
}