{
  "lambdas": [
    25,
    30,
    35,
    40,
    45,
    50,
    55,
    60
  ],
  "baseline_mean_sojourn": [
    9.958450606643272,
    12.97277658070588,
    16.05317914510022,
    29.341506513756972,
    56.11679310404747,
    337.5681594341935,
    477.27067422849046,
    666.8102224212196
  ],
  "baseline_throughput": [
    25.522276739518936,
    30.22453722414079,
    34.59059805621893,
    40.56600728549046,
    43.55196192419343,
    42.97909424595813,
    42.61275646271707,
    42.63830846027951
  ],
  "extra_mean_sojourn": [
    9.027978821173805,
    9.975936129762975,
    12.342333088932644,
    14.68819800238374,
    25.066447770269143,
    56.32555069161514,
    182.0872016944575,
    309.71198488313854
  ],
  "extra_throughput": [
    25.382753444219897,
    29.37810780043875,
    35.43162649377047,
    39.095082804658645,
    44.854637983947484,
    48.97603514782379,
    48.931795385815995,
    49.62707481693888
  ]
}