{
  "beta": 2.2010198675207655,
  "eta": 18.071899334075816,
  "mean_life": 16.005,
  "median_life": 15.3,
  "mttf": 16.005,
  "p_fail_12": 0.3337,
  "p_fail_24": 0.8454,
  "p_fail_36": 0.9895
}