{
  "beta_hat": 2.2010198675207655,
  "eta_hat": 18.071899334075816,
  "se_beta": 0.010081231657403234,
  "se_eta": 0.047763513458721166,
  "ci_beta": [
    2.181260653472255,
    2.220779081569276
  ],
  "ci_eta": [
    17.978282847696722,
    18.16551582045491
  ],
  "log_likelihood": -110891.00275599747,
  "n_failed": 29827,
  "n_censored": 25756,
  "n_total": 55583
}