id,GV01,GV02,GV03
IS01,233.10835874000762,1609.841757107413,828.9002719843195
IS02,162.63957128668488,1664.8545860213796,821.6875873918777
IS03,321.62645078750205,2114.6089192647723,1081.529780458562
IS04,494.41990507069386,2025.9392469506947,858.3810222608508
IS05,614.2026758846287,1738.552332804692,518.3910531261013
IS06,1052.8416166956563,805.291988548544,526.9365242383204
IS07,2057.436957634611,237.6975229194001,1452.7788996848767
IS08,440.26406220967345,1390.5271564738218,703.4157802772683
