id,GV01,GV02,GV03
IS01,105.95834488182163,731.7462532306422,376.77285090196335
IS02,73.92707785758404,756.7520845551725,373.49435790539894
IS03,146.19384126704637,961.1858723930782,491.6044456629827
IS04,224.736320486679,920.8814758866794,390.17319193675036
IS05,279.183034493013,790.251060365769,235.63229687550057
IS06,478.56437122529826,366.0418129766109,239.51660192650928
IS07,935.1986171066413,108.04432859972731,660.3540453113076
IS08,200.12002827712428,632.0577983971917,319.73444558057645
