status,obj,fixed_is,fixed_gv,trans_l1,trans_l2,proc_cost,num_open_is,num_open_gv,rho
Optimal,28513747.54693168,5700000.0,8500000.0,2430679.106916555,1524668.4400151197,10358400.0,2,1,0.5
Optimal,37697761.25555886,7600000.0,8500000.0,3670784.8322342495,2389376.4233246064,15537600.0,3,1,0.75
Optimal,53761975.14403696,10600000.0,15400000.0,3555691.9462758563,3036683.1977611133,21169600.0,5,2,1.0
Optimal,58599122.05294239,11400000.0,15400000.0,4115530.481974248,4097031.5709681422,23586560.0,5,2,1.1
Optimal,63879871.662633516,13300000.0,16000000.0,3935679.2168594203,4090192.4457740895,26554000.0,5,2,1.25
Optimal,73342832.36255322,15400000.0,16000000.0,4495025.388716374,5283006.973836852,32164800.0,6,2,1.5
Optimal,90765075.49497122,19000000.0,22900000.0,4365482.899527502,6502792.59544371,37996800.0,8,3,1.75
