{
  "c_anbefalt": 3,
  "analytisk": {
    "rho": 0.26666666666666666,
    "Lq": 0.018920916481892088,
    "Wq_min": 0.4730229120473022,
    "W_min": 20.4730229120473,
    "P_wait_gt_10min": 0.017320121428192756
  },
  "simulert": {
    "Wq_min": 0.4601257618521441,
    "p_wait_gt_10min": 0.018808114961961116,
    "p_wait_gt_0": 0.05346576500422654,
    "n": 4732
  }
}