,Pris,Kvalitet,Leveringstid,Fleksibilitet,Bærekraft
Pris,1.000000,0.500000,2.000000,3.000000,3.000000
Kvalitet,2.000000,1.000000,3.000000,4.000000,4.000000
Leveringstid,0.500000,0.333333,1.000000,2.000000,2.000000
Fleksibilitet,0.333333,0.250000,0.500000,1.000000,2.000000
Bærekraft,0.333333,0.250000,0.500000,0.500000,1.000000
