beta,status,obj,fixed_cost,transport_cost,num_open
0.25,Optimal,9228138.377209771,5825000.0,3403138.3772097714,7
0.5,Optimal,13997228.287928151,9000000.0,4997228.287928151,5
0.75,Optimal,18218221.867141783,6525000.0,11693221.867141783,3
1.0,Optimal,20393221.867141787,8700000.0,11693221.867141787,3
1.5,Optimal,24146190.24756299,11250000.0,12896190.24756299,3
2.0,Optimal,27896190.247562986,15000000.0,12896190.247562986,3
3.0,Optimal,31806876.922252726,8100000.0,23706876.922252726,1
