sku,D,K,i,c_ref,h_ref,Q_eoq,TC_eoq,n_orders,cycle_days
A1,2400,400,0.22,810.0,178.2,103.7998592215364,1962497.1349132778,23.121418641597234,15.786228589941993
B2,12000,250,0.18,39.0,7.02,924.5003270420485,474489.99229583517,12.979984591670362,28.120218280862307
C3,1800,350,0.25,300.0,75.0,129.6148139681572,549721.1110476118,13.887301496588274,26.283003943542987
D4,9000,300,0.2,51.0,10.200000000000001,727.6068751089989,466421.59012611175,12.369316876852983,29.50850104608718
