{
  "policy_name": "clark_scarf_echelon",
  "alpha_region": [
    0.9395973154362416,
    0.9320905459387484,
    0.9247027741083222,
    0.9174311926605505
  ],
  "z_region": [
    1.5514020297029791,
    1.491543314179402,
    1.437434922399587,
    1.3879981295471793
  ],
  "mu_LR_region": [
    255.0,
    248.0,
    225.0,
    180.0
  ],
  "sigma_LR_region": [
    38.1051177665153,
    36.0,
    31.304951684997057,
    26.94438717061496
  ],
  "S_e_region": [
    314.1163570450429,
    301.69555931045846,
    269.99883079604655,
    217.39875899460858
  ],
  "alpha_0": 0.9395973154362416,
  "z_0": 1.5514020297029791,
  "mu_LR_0": 1776.0,
  "sigma_LR_0": 94.86832980505137,
  "S_e_0": 1923.1789194140883,
  "S_install_region": [
    314.1163570450429,
    301.69555931045846,
    269.99883079604655,
    217.39875899460858
  ],
  "S_install_0": 1923.1789194140883,
  "SS_region": [
    59.11635704504289,
    53.69555931045847,
    44.99883079604657,
    37.39875899460858
  ],
  "SS_0": 147.17891941408834,
  "exp_inv_0": 258.17891941408834,
  "exp_inv_region": [
    101.61635704504289,
    84.69555931045846,
    67.49883079604658,
    52.39875899460858
  ],
  "holding_per_node_NOK_per_aar": [
    169623.55005505602,
    133523.89315718636,
    118709.29592953858,
    100519.25882147257,
    82622.3631826988
  ],
  "total_holding_NOK_per_aar": 604998.3611459524
}