{
  "N": 4,
  "regioner": [
    "Oslo",
    "Bergen",
    "Trondheim",
    "Tromsø"
  ],
  "mu_d": [
    85.0,
    62.0,
    45.0,
    30.0
  ],
  "sigma_d": [
    22.0,
    18.0,
    14.0,
    11.0
  ],
  "L_reg": [
    2.0,
    3.0,
    4.0,
    5.0
  ],
  "L_sentral": 7.0,
  "c": 120.0,
  "h_install": [
    1.7999999999999998,
    3.5999999999999996,
    3.84,
    4.08,
    4.319999999999999
  ],
  "h_ech": [
    1.7999999999999998,
    1.7999999999999998,
    2.04,
    2.2800000000000002,
    2.5199999999999996
  ],
  "b_region": 28.0,
  "R": 1.0,
  "seed": 4242,
  "mu_D0": 222.0,
  "sigma_D0": 33.54101966249684
}