{
  "policy_name": "uavhengig_base_stock",
  "alpha": 0.95,
  "z": 1.6448536269514722,
  "S_0": 1932.0445163626673,
  "SS_0": 156.0445163626672,
  "L_eff_reg": [
    10.0,
    11.0,
    12.0,
    13.0
  ],
  "S_region": [
    964.4326453326227,
    780.1965216817584,
    619.771161481029,
    455.23664501867097
  ],
  "SS_region": [
    114.43264533262263,
    98.19652168175843,
    79.77116148102904,
    65.23664501867094
  ],
  "mu_LR_reg": [
    850.0,
    682.0,
    540.0,
    390.0
  ],
  "sigma_LR_reg": [
    69.57010852370435,
    59.6992462263972,
    48.49742261192856,
    39.66106403010388
  ],
  "mu_LR_0": 1776.0,
  "sigma_LR_0": 94.86832980505137,
  "exp_inv_0": 267.0445163626672,
  "exp_inv_region": [
    751.9326453326227,
    563.1965216817584,
    417.271161481029,
    290.23664501867097
  ],
  "total_expected_inventory": 2289.6814898767484,
  "holding_per_node_NOK_per_aar": [
    175448.2472502723,
    988039.495967066,
    789376.2447891526,
    621400.2136775485,
    457645.14186544035
  ],
  "total_holding_NOK_per_aar": 3031909.3435494797
}