{
  "T_dager": 730,
  "n_rep": 40,
  "res_uav": {
    "policy": "uavhengig",
    "n_rep": 40,
    "type1_per_region": [
      1.0,
      1.0,
      1.0,
      1.0
    ],
    "fill_rate_per_region": [
      1.0,
      1.0,
      1.0,
      1.0
    ],
    "holding_per_node_NOK_per_aar": [
      394788.7466480257,
      1043914.9190845562,
      833616.5249034901,
      655020.2097559964,
      480885.5649925085
    ],
    "total_holding_NOK_per_aar": 3408225.9653845755,
    "total_backorder_NOK_per_aar": 0.0,
    "total_NOK_per_aar": 3408225.9653845755,
    "se_total_NOK_per_aar": 1879.8339336912184,
    "mean_inv_per_node": [
      600.8961136195218,
      794.4557983900734,
      594.7606484756635,
      439.84703851463627,
      304.97562467815106
    ]
  },
  "res_cs": {
    "policy": "clark_scarf",
    "n_rep": 40,
    "type1_per_region": [
      0.9999642857142857,
      0.9998928571428571,
      0.9990714285714286,
      0.9963571428571429
    ],
    "fill_rate_per_region": [
      0.999996059172118,
      0.9999908428057426,
      0.9998573370122555,
      0.9991663399914522
    ],
    "holding_per_node_NOK_per_aar": [
      388964.04945280927,
      189399.75381508708,
      162950.37780408628,
      134148.87931974494,
      105902.4136737953
    ],
    "total_holding_NOK_per_aar": 981365.4740655229,
    "total_backorder_NOK_per_aar": 332.1432263694236,
    "total_NOK_per_aar": 981697.6172918923,
    "se_total_NOK_per_aar": 1881.4224311223832,
    "mean_inv_per_node": [
      592.0305166709426,
      144.13984308606325,
      116.26025813647709,
      90.08117064178415,
      67.1628701634927
    ]
  },
  "S0_uav": 1932.0445163626673,
  "S_reg_uav": [
    964.4326453326227,
    780.1965216817584,
    619.771161481029,
    455.23664501867097
  ],
  "S0_cs_install": 1923.1789194140883,
  "S_reg_cs": [
    314.1163570450429,
    301.69555931045846,
    269.99883079604655,
    217.39875899460858
  ]
}